id_loc,localizacao
1,POINT(-5193711.030502 -2699808.910394)
2,POINT(-5197618.679900 -2697568.219605)
3,POINT(-5700281.829738 -3506966.687581)
4,POINT(-5689766.961035 -3510332.305483)
5,POINT(-5703679.310123 -3508682.091456)